flight_id,curr_altitude_fit,destination_airport_code,dept_time,curr_location
01GWK9T121ZE8WNMBHSQQ5R9H4,,TMC,12:03 AM,
01GWK9T1236NVMG5M7172SP785,99,CUV,12:00 AM,Rosignol
01GWK9T124SZ7TSG83JF9FCYGT,44,HVG,12:02 AM,
01GWK9T1258WGC3XS1DFZYXGNJ,22,DUT,12:01 AM,Jinan
01GWK9T126PZPHPTQ2BXKMTYW3,133,TMC,12:01 AM,Bunawan
01GWK9T1275XZWTW66GSQV28VJ,861,YCN,12:04 AM,Yangjiapo
01GWK9T128GZKEY3NNX1QWCCRS,292,ONJ,12:04 AM,
01GWK9T12949CWSFW6JAJ083JQ,479,TMC,12:01 AM,
01GWK9T12ATS5AMY8GXZEQKTHZ,922,AEG,12:04 AM,Caminaca
01GWK9T12CE2PWYW7F6GPHZ08N,42,TMC,12:04 AM,
01GWK9T12CJS1YQZ38H1E679NV,194,HVG,12:03 AM,Staraya Derevnya
01GWK9T12DZ3BKBVJ46HW49Y3B,5141,TMC,12:01 AM,Pathum Ratchawongsa
01GWK9T12E5GN0TQ2P8DBWPW9H,1927,TMC,12:00 AM,Shagonar
01GWK9T12FYKAJK7FMJSHTW3ZC,2770,TMC,12:03 AM,Västerås
01GWK9T12G4JSG2DHQH46A14MH,282,YSY,12:03 AM,
01GWK9T12JW48T3Q3J86DQC6KN,6,AGI,12:02 AM,
01GWK9T12KQNCD7P5DERXYEZWN,96,LLH,12:01 AM,
01GWK9T12KVNFVXDX3MMPE28T8,20,OBN,12:04 AM,
01GWK9T12M61XPZQ8M53J9M9T4,2000,HVG,12:04 AM,Mafraq
01GWK9T12NPS54D256KYFJBHRG,1519,MSX,12:01 AM,
01GWK9T12PFQS67AWT2TZARWAB,170,QUO,12:03 AM,Pimentel
01GWK9T12QHY30DW7HGBDRTJHJ,1278,SOR,12:04 AM,
01GWK9T12R6NXQ2P9ZMZW9A8H2,10682,IXL,12:00 AM,Registro
01GWK9T12SV48G8W3ZXBJKT4TV,88,SDS,12:02 AM,Lafayette
01GWK9T12S0DK4HGHND971M1GS,821,QUO,12:01 AM,
01GWK9T12TBH6DM35BJMP4KWBN,870,UKU,12:03 AM,Kongsvinger
01GWK9T12VNVS0V8T61EX8SWAK,1413,DVK,12:04 AM,
01GWK9T12W1DX29BYFTZQ82NR6,52,MNU,12:00 AM,Karangtengah
01GWK9T12XWF2YCYS3SSKXPPWX,4672,HTN,12:04 AM,
01GWK9T12YMPVB28MY3Q7NADWQ,1017,TEG,12:03 AM,
01GWK9T12ZAWRYWDN2MT9KZWG5,6,TMF,12:00 AM,
01GWK9T131VWVDSVAP86NTNSHG,15,GNU,12:01 AM,
01GWK9T131Q0SW6TQGD4NV1DYD,249,AHS,12:03 AM,
01GWK9T13269TC349AYN5B0SJA,459,ALQ,12:02 AM,Skeldon
01GWK9T133XFAH10ETX2YCTVXF,974,SJS,12:00 AM,
01GWK9T134V8R51Y939WNJAF4G,942,UVA,12:04 AM,
01GWK9T135NYSEK1ENS8KNF742,35,SRY,12:02 AM,
01GWK9T135CWVCAE8PHBRK33YQ,65,LLA,12:00 AM,
01GWK9T1360N5JNCYWQZCB3DRK,5550,NBA,12:04 AM,Vegachí
01GWK9T137WAV05SMJP3T8E1E1,2938,SNH,12:00 AM,
01GWK9T138P471PNGJ7JJHFTPS,159,RWI,12:02 AM,Xiangfu
01GWK9T13A1WGP1KVHVZQ00EV4,57,AKB,12:01 AM,
01GWK9T13AC3ZQE198F2WX4M8E,1918,MFL,12:01 AM,Purorejo
01GWK9T13BYPQSKH15CDY2BH1A,7664,PGO,12:04 AM,Bang Phlat
01GWK9T13CMDE9TV0W04H42SG4,587,TMC,12:02 AM,Loyew
01GWK9T13DCPTVEKERE2VWWMVN,22,SWD,12:04 AM,
01GWK9T13EHYQZ0RHQ4YFGPZJ5,52,CZE,12:02 AM,
01GWK9T13FSW784DE73CC1PWBJ,16,PDM,12:02 AM,Coris
01GWK9T13GJHCVXQZ9Z4S3KZTV,1686,TMC,12:02 AM,
01GWK9T13GJA47MDNNZ1P6T4T3,348,TMC,12:01 AM,
01GWK9T13H40BRA9V63R9C2R1P,2376,PFB,12:00 AM,
01GWK9T13J2NDXV6R0FG8G9VM2,13,TRG,12:02 AM,Dolinsk
01GWK9T13KVZPRPBY1TT78XXS9,499,TMC,12:00 AM,Dehī
01GWK9T13MRAC3C9ANXJS6VG9D,1378,RBX,12:04 AM,Jayanca
01GWK9T13NR27GN3N0ARYATMKP,219,SWV,12:00 AM,Kota Kinabalu
01GWK9T13PYZ85JKBP9BP2RQKP,388,SEE,12:01 AM,
01GWK9T13Q8R53WFK8F10216D2,770,MOV,12:03 AM,
01GWK9T13Q4Z9CHC5CT8E8EKVV,,LML,12:03 AM,Ḩāfiz̧ Moghul
01GWK9T13S6AN661MYBC1JKS59,98,UVA,12:00 AM,Yuecheng
01GWK9T13S525YERY70EKXKFNW,10,TAC,12:03 AM,Łazy
01GWK9T13T71HFMXHW5B2FSNQZ,42,ETH,12:04 AM,
01GWK9T13V93HE3KSZM2WF79KT,845,GFK,12:01 AM,
01GWK9T13W72DQBFJX6MZV07FM,28,TMC,12:00 AM,Xujiaqiao
01GWK9T13XDMJY0MT8Q5XX7FTQ,3,NOD,12:04 AM,Muhoroni
01GWK9T13ZJ9BRPJK10F4YJF4N,1382,LTS,12:03 AM,
01GWK9T140P7ACEKGP5B7PZ94V,588,DME,12:00 AM,Paris La Défense
01GWK9T1415RVYYTF8EBSWA9M7,50,HUZ,12:03 AM,Estaca
01GWK9T142CTFSVJ68KNG7EPGJ,,MWY,12:00 AM,Estoi
01GWK9T1435Q4K9HNNDQQG6H2N,3543,KMN,12:03 AM,Lille
01GWK9T143EAPW1RS2FNNVQEPY,3300,BMH,12:00 AM,Néa Róda
01GWK9T1441XC4J0ECV5N2E6NH,19,FKJ,12:03 AM,
01GWK9T145M91HP4RD9PDDCWMS,99,AKQ,12:03 AM,
01GWK9T146HJ5WH3ZTQ36JH6G1,8405,MKS,12:04 AM,
01GWK9T147YHAYC8KP5MF1Y8KB,45,USI,12:00 AM,
01GWK9T1498QFH618S7N8AQ78H,2132,BCB,12:00 AM,Janagdong
01GWK9T14AMDTF62C7PAZF25FM,47,EPU,12:01 AM,
01GWK9T14A0Q0J17CY924K6PYW,1162,FRM,12:03 AM,
01GWK9T14B0MCY8FWZ9JTZ0D3Z,,RUG,12:01 AM,Dolní Rychnov
01GWK9T14CSEK5AM3A3RZX8K80,452,UOX,12:01 AM,Öldziyt
01GWK9T14D4PZH9T7R20YNY8R9,975,GLK,12:05 AM,Haiyang
01GWK9T14E7MVPKXBCEMG5VEK6,90,TMC,12:00 AM,Pacasmayo
01GWK9T14FN448QMK2Q1EN4DVN,670,RMD,12:04 AM,
01GWK9T14GEA3H9PFB2WZ17A72,515,HYC,12:04 AM,Sofrino
01GWK9T14H3VW9RAEQ8YJ9PBVG,539,ABX,12:04 AM,Río Limpio
01GWK9T14J4B7AHQHZVBJHY8GF,740,BCC,12:03 AM,Simunul
01GWK9T14KNSPC1KB4GX4WT45S,22,SWD,12:02 AM,
01GWK9T14K8EA0319Y00MMP1WK,1492,VDA,12:04 AM,
01GWK9T14MB5W61PE4H8D3YPDB,1016,BVE,12:02 AM,Tirana
01GWK9T14NH21N5E3ZQ149F834,1578,PRW,12:00 AM,Rathdrum
01GWK9T14P1CZBAEEA050K9VP1,275,OLK,12:03 AM,Bastia
01GWK9T14Q7X80M1NB94QG5FCF,1072,IMG,12:02 AM,
01GWK9T14RWMW91E1AHZ7A0B60,95,WNS,12:03 AM,Osielec
01GWK9T14S45QV3C1YGZX3B78P,1180,DWN,12:00 AM,Cirangkong
01GWK9T14SV5NGW40C34P7D799,935,WGC,12:02 AM,
01GWK9T14TM8VJ24P7PV3ZPWX6,,LIB,12:01 AM,
01GWK9T14V7J00ESR5R59EFF2E,,DCG,12:04 AM,Mengdong
01GWK9T14WSNBQM5ERENXAMD91,16,DIW,12:04 AM,Banjar Bau Kawan
01GWK9T14XD42JHD40SHSKVG54,1141,YSB,12:04 AM,
01GWK9T14YJMAGZDFHRJ3X9TRZ,457,TMC,12:04 AM,
01GWK9T14ZFC8TC3F8G0TYN69T,75,EPU,12:01 AM,Tønsberg
01GWK9T1506M1ZVYWCFNB5D25B,11,MVT,12:04 AM,
01GWK9T151VC67D2TN5Q04YYQ6,4550,BUI,12:00 AM,El Carmen
01GWK9T151JJBHP5JR28F6PEMW,7,YTY,12:01 AM,Oslo
01GWK9T1520FE12BYCVAG97081,567,TMC,12:02 AM,
01GWK9T153E1JXF8GPEWCDCS6R,48,CGS,12:01 AM,Santa Cruz Cabrália
01GWK9T154VNC1AFKZ5G0NM561,7369,NLU,12:04 AM,
01GWK9T155MAV6CYD5RSNGPQNA,732,MVL,12:03 AM,
01GWK9T15638R5AWJV0GYT8RPJ,2600,KYX,12:00 AM,
01GWK9T1575NAMGN4ERMAJKSYE,141,ZEL,12:02 AM,Sedati
01GWK9T158SCG63V483S6MCNQ6,920,SVI,12:04 AM,
01GWK9T159AY75N275F85XSE3C,676,RBQ,12:04 AM,Pont Cassé
01GWK9T15A5JQZEN78EE10APWN,90,HVK,12:03 AM,
01GWK9T15BH0P8EHTQHM62H6ZQ,48,IGE,12:01 AM,
01GWK9T15CCTKZPWS3Y91GAPM3,240,KRO,12:01 AM,Colosó
01GWK9T15DANKZD4BKM2HC9YKZ,250,AGA,12:03 AM,Kozyatyn
01GWK9T15D5Y75N9BD5T5292ZS,1052,OFF,12:00 AM,Ryūgasaki
01GWK9T15EYWSNY61EPCT3JNGJ,2000,JJM,12:00 AM,
01GWK9T15FEWBEAQN7P1E381N4,0,BNF,12:02 AM,
01GWK9T15G1W0Q42SV7D2RBXWS,43,ANX,12:00 AM,
01GWK9T15GGPPR5BCB80B3G331,399,NUL,12:00 AM,Buriti Alegre
01GWK9T15H6TSSZTKSE73758FP,358,MDX,12:00 AM,
01GWK9T15JABRX6EQZ3A61V1VY,642,ILF,12:02 AM,Wubao
01GWK9T15KEPRG36S2CSACS6CW,70,BUV,12:01 AM,Bungursari
01GWK9T15MDRHQW4C9ZXXXGXMX,372,TCW,12:00 AM,
01GWK9T15NWRTQZFM2NCS568ER,861,YCN,12:04 AM,Barrosas
01GWK9T15P4QR4E38F3A6RH1V8,203,CYA,12:00 AM,Calangain
01GWK9T15Q4VV1E87P708R0S7X,701,MRZ,12:03 AM,
01GWK9T15Q817FXX6YD0DQFMR7,2464,YAO,12:04 AM,
01GWK9T15RMDGAWEKWDSRMXB7R,4001,TSP,12:04 AM,Nicosia
01GWK9T15S4A76F2RYF1M8X4CV,873,ALO,12:03 AM,Quxia
01GWK9T15TW8CK148Z7QJC70SN,193,YSO,12:03 AM,
01GWK9T15VG4KA59R2NQTH1RPY,10,BNF,12:01 AM,
01GWK9T15VRDTYAFM654WP2JJE,1003,KIP,12:04 AM,
01GWK9T15WCJ7WQ7T5T3FMA1GV,703,HGR,12:00 AM,Tuymazy
01GWK9T15XP3FT6J380G4XKYPZ,2261,AJF,12:01 AM,
01GWK9T15Y44VC4GQT3X413GF2,2,NOT,12:03 AM,Adstock
01GWK9T15ZY8EBCCF1XXR3WWYA,24,MPC,12:01 AM,
01GWK9T1605P79T8FWJKW4PB8Z,1141,YSB,12:02 AM,Bangan-Oda
01GWK9T1611P6ANV690JXPB4KG,81,SCS,12:00 AM,
01GWK9T161CS53AR6TFY5JF2HH,545,PDN,12:01 AM,Lebane
01GWK9T1625FHSKPVT2R69Y4SE,264,MAO,12:01 AM,Tacoma
01GWK9T163E40W38KGG3QW2N08,4396,MTF,12:01 AM,Pliwetan
01GWK9T164A8H45AM1EB17Y4S6,,NDS,12:04 AM,
01GWK9T165BNVZ3HFY42Z0AZPC,102,TMC,12:00 AM,Tsowkêy
01GWK9T166VKMVEJFPPHEX4FKZ,866,TMC,12:01 AM,Radomin
01GWK9T167CNPDBRKG6SJQMZK9,55,TMC,12:02 AM,
01GWK9T1684ZD2VZ4RRAJ8KVRJ,107,TMC,12:02 AM,
01GWK9T169DMBH6SNCH8VVT0ZC,1978,TMC,12:00 AM,Lysekil
01GWK9T16A8AZP06A0MR4XCE7S,1302,TMC,12:01 AM,Bugo
01GWK9T16BSWD76RKAMQVJ3KHR,15,TMC,12:01 AM,Ang Thong
01GWK9T16CWX253GXAJRGSPCEW,82,BCD,12:01 AM,Paris 19
01GWK9T16C100QF03R3PDN7MG1,127,SRL,12:04 AM,
01GWK9T16D2Y2R1VDEXWV2FPDP,1095,CMX,12:02 AM,
01GWK9T16E3QB3YAHWXPM6EJ5K,52,NOU,12:02 AM,
01GWK9T16FFMTAM21YNZ2XHRRT,4,UTK,12:04 AM,
01GWK9T16F55WPDMJ1ZBPV8VJC,23,USH,12:01 AM,Mangga Dua
01GWK9T16G31CKH4BH6RW952FT,71,YZT,12:01 AM,Xom Tan Long
01GWK9T16HZ3Z3BAVJ87ZQZD8R,151,LSZ,12:03 AM,
01GWK9T16JZV731NK9B5Z0QCX3,17,FMY,12:00 AM,
01GWK9T16KSNZ9N8X5XERP1TDN,177,HBE,12:01 AM,
01GWK9T16KF9Q2EZQ8GYW3DSQH,26,ZIH,12:04 AM,
01GWK9T16MCPYFNTG414K16VJW,354,OER,12:04 AM,Thị Trấn Thất Khê
01GWK9T16NHVJWKQH9ZHB17D5K,23,ZUH,12:02 AM,
01GWK9T16P0GXTFTRFD4AZHCCP,740,BCC,12:01 AM,Shilovo
01GWK9T16QZ9W7GC507B5SCCPB,6,TMF,12:00 AM,Queluz de Baixo
01GWK9T16S4Q4AYW976CA7SE1H,124,RNS,12:03 AM,Dambulla
01GWK9T16TRQY3KH0JFAS6SQMV,24,LUP,12:00 AM,
01GWK9T16VJK74J8MQQVMMNAPX,800,XIG,12:03 AM,Perstorp
01GWK9T16WS1BADW1XZYHB5AS9,709,FRR,12:02 AM,
01GWK9T16X2MA774GTXT6YNKN7,18,PYC,12:04 AM,Dębowiec
01GWK9T16YE4FKG52QBHMHEG6D,9675,LZY,12:04 AM,
01GWK9T16ZH8T3WCXY5WAYHS52,209,TFS,12:03 AM,
01GWK9T16Z2QR4QQA12SKM1CBM,7,AGE,12:04 AM,Qa‘ţabah
01GWK9T170593ZCN407VQARKXH,2643,TUS,12:03 AM,
01GWK9T171M3AF8MR9FB51FTE8,769,SMG,12:02 AM,Chikeng
01GWK9T172WZ585E4CMP353G3H,0,YGE,12:00 AM,
01GWK9T173E65RCV12RPKV04C8,118,NVP,12:04 AM,
01GWK9T173NJMEK185EEEMMCJH,644,RMG,12:03 AM,Yufrus
01GWK9T174RRKBDFNG8GZ87KFE,496,YQX,12:00 AM,
01GWK9T175YN10V69K5K01YE73,2010,TGI,12:04 AM,Malasiqui
01GWK9T176N0TVJVRFE68RRMH9,70,LEI,12:00 AM,
01GWK9T177R5JRGMMHTWJ9R2SA,30,XEN,12:04 AM,Erandique
01GWK9T178PQWKMH67MDWE05RF,27,ILO,12:04 AM,Zhangxi
01GWK9T179TDHPWEXAPP91XYV2,4898,HVD,12:02 AM,
01GWK9T17AP79K8KMRTJJRHJTR,615,BNS,12:03 AM,
01GWK9T17C8PTQCSF48R1QBK44,4200,KGW,12:04 AM,
01GWK9T17ERNS395PGC3QW2W2X,103,VDE,12:04 AM,Vacov
01GWK9T17GA9WQ1S9S2TX7Y05K,,DCG,12:01 AM,Munkedal
01GWK9T17HEK7HZ53SBZ9HXGCJ,1775,TMC,12:02 AM,Cabinda
01GWK9T17J2VMEZHJRJHJ3KG7R,23,GMI,12:00 AM,Igrim
01GWK9T17KC7G8HK0KE4YGJXA8,119,MSJ,12:03 AM,Jingchuan Chengguanzhen
01GWK9T17MQMDNKH9C5YPDEMWF,2940,TMC,12:03 AM,
01GWK9T17PZSTDC15W6T8HWPSQ,1650,MYK,12:01 AM,Vale da Pedra
01GWK9T17QK5799NG2X04CBZX6,1444,TMC,12:02 AM,Giawang
01GWK9T1DD3GECVXD2HK112GHZ,496,TMC,12:03 AM,Komyshuvakha
01GWK9T1DG4HYJMGVVZSZ6ZSBZ,200,TMC,12:04 AM,Zhuli
01GWK9T1DKHGNZ8M4CCTB0W4M5,116,TMC,12:00 AM,White Rock
01GWK9T1DNF0Q8XYN1DEHNB2FH,462,MGD,12:03 AM,
01GWK9T1DQ3T35ZWTRBRP7260N,1709,YKL,12:00 AM,Johnson City
01GWK9T1DS0PYAWBPMVKTX03NK,488,EEN,12:04 AM,
01GWK9T1DVHC05BYMDY1ZW4AZX,1385,TIO,12:02 AM,Nikolayevka
01GWK9T1DX90YA17S8DVEYXRNH,1831,LUJ,12:01 AM,Omboué
01GWK9T1DZZJMVJ2QG12R3ZZF1,12,MCX,12:03 AM,Yashikera
01GWK9T1E2TZ5919J1H9CH1KG5,41,WLG,12:01 AM,
01GWK9T1E3JC4DD18ADRY5PYK7,15,MCY,12:02 AM,Seversk
01GWK9T1E5V314K2FJGDZE2YPY,558,SZR,12:04 AM,Khun Han
01GWK9T1E8S3P8F4H7T2ZH72JW,3763,MWZ,12:02 AM,
01GWK9T1E965Q9EWYSZGQCTCY4,461,TMC,12:00 AM,Vila Chã
01GWK9T1EBSSY1AY4SRXTZEYJ7,638,TMC,12:03 AM,
01GWK9T1EDFDJSXYPHYV3RRDDC,1312,TMC,12:02 AM,
01GWK9T1EEBVVSDZMSM1QMB47D,5622,TMC,12:02 AM,
01GWK9T1EGTTX1P8KQZY0Y4P9D,10,TMC,12:03 AM,
01GWK9T1EHGYTZ5S7C48ATC75T,1575,TMC,12:02 AM,Pyra
01GWK9T1EKHDHSMEQJSBEHM80M,508,DGA,12:00 AM,
01GWK9T1EM0VQGQYS5B2FS4MTS,2450,LSH,12:00 AM,Lyambir’
01GWK9T1ENBNZSE1BJHRM6V5RE,1934,STQ,12:03 AM,
01GWK9T1EP1SHKV8DZPMBCSH7N,694,ISI,12:03 AM,
01GWK9T1ER2V5C0XTPFT4NAR1D,1208,BGF,12:01 AM,
01GWK9T1ES5YPGC660PD700K8W,176,TKR,12:03 AM,Tolbazy
01GWK9T1EVD5A6AVZM98A3PASM,169,BGI,12:04 AM,
01GWK9T1EWZHGC668RWEDJXTCN,291,ANV,12:03 AM,
01GWK9T1EXFVP66AZR3KF3W15T,194,DYR,12:02 AM,Kulevcha
01GWK9T1EY4T716QVNS7DCZASR,52,TMC,12:04 AM,Al Hijrah
01GWK9T1F04GZ1XQ01TBRKQXXC,13,TMC,12:03 AM,
01GWK9T1F12ET1VG0SV10EE31G,785,CTE,12:05 AM,Lijiang
01GWK9T1F3Y2V82JAFAD0WDM85,49,IGH,12:02 AM,Toyohama
01GWK9T1F45STFXQGZZD26Q4XP,1338,MYC,12:01 AM,
01GWK9T1F595QP2F4G19MZT0NP,-42,NJK,12:00 AM,Naprawa
01GWK9T1F7RCX865J8WRX3ZYG4,7348,UGU,12:00 AM,Qidu
01GWK9T1F8CMH1RY2PC301VNR9,97,IAH,12:00 AM,
01GWK9T1F9E8SZ6DM05PEFJM32,264,GTR,12:00 AM,
01GWK9T1FAN6H1SVJX0BQ1B884,331,UGU,12:03 AM,
01GWK9T1FB4PNB396PE9M3AF9Z,4065,BPC,12:03 AM,
01GWK9T1FCFJPVNR34SKJB6GFM,3573,KUU,12:01 AM,
01GWK9T1FD5NT3Y3HGGSH6ACX0,1591,UGU,12:00 AM,Meishan
01GWK9T1FECFTN7JCK9BXAXMSX,1003,KIP,12:01 AM,Xiaxi
01GWK9T1FGSYBBJC658QFE4HBN,699,XPA,12:01 AM,
01GWK9T1FH8ZHBWWGDE10QA726,49,PMZ,12:01 AM,Negla
01GWK9T1FJGQ9S8MW1G27G9JVN,677,UGU,12:04 AM,
01GWK9T1FK4P8XVM3EARCY5X0J,738,AKX,12:00 AM,
01GWK9T1FM1FMR97WEMVBVGRQ9,161,TMC,12:02 AM,Santana do Ipanema
01GWK9T1FNXE1GY81ADV1T5BQ7,83,VOL,12:01 AM,Duisburg
01GWK9T1FQ5ZCSV64YGM3TA497,1476,DMT,12:00 AM,Rautjärvi
01GWK9T1FRAVE9TSCPH1ZC56SD,663,PMH,12:00 AM,
01GWK9T1FSV1HSYHWFEDX9CTMK,55,BQB,12:00 AM,
01GWK9T1FTVHTHFVQF8B54RDM9,4697,CSN,12:01 AM,Salvador
01GWK9T1FVVAQ5WA7892HZ9T4B,103,DRW,12:00 AM,Nerchinsk
01GWK9T1FXQBS4QPW5EJS5Q9QW,159,HAW,12:04 AM,
01GWK9T1FYCM9AXP5CPZPTB5CQ,540,LHG,12:00 AM,
01GWK9T1FZPHZDWP9HNFHETZPK,331,POL,12:00 AM,
01GWK9T1G07WN20WQXJGC39PA9,7361,MYC,12:03 AM,Tatebayashi
01GWK9T1G17YTDFKZ1CAZBBY2G,732,ERI,12:00 AM,
01GWK9T1G286557TFDW8NJ132Q,22,CPN,12:03 AM,
01GWK9T1G3A67X3T209KN8FMCJ,132,KPF,12:01 AM,
01GWK9T1G5AZDMSTTT1ZQF22M5,290,DOE,12:04 AM,
01GWK9T1G6F1ATM4K2WBYM5AJS,698,RNZ,12:03 AM,Donetsk
01GWK9T1G7SF3TEN56CBS9AV9Q,34,BHL,12:03 AM,Manila
01GWK9T1G8512JQR9C0Q7Q9Z46,4631,LRG,12:03 AM,
01GWK9T1G9HVAGCFQKEW2MPVFK,,HAT,12:04 AM,
01GWK9T1GAJQDY67REM077ZFDC,6959,AXU,12:04 AM,
01GWK9T1GBAXRXHVS51NXP8803,141,CXA,12:01 AM,
01GWK9T1GC6AP6XK484N4NN3FR,341,MMC,12:02 AM,Esquina
01GWK9T1GECYTZFC2FJNMB1J0J,184,PDO,12:04 AM,
01GWK9T1GFE9TQQ6Y3DDJGE5WQ,8917,AYP,12:03 AM,
01GWK9T1GGTCTWRNR6NGRMKYC9,10,RGI,12:00 AM,Tomigusuku
01GWK9T1GH427DZKQ544WCNRF3,12,DRK,12:03 AM,
01GWK9T1GJ4X1BFS4SCDT7T0TW,223,FIE,12:04 AM,
01GWK9T1GKD49P8NSXCDK2KVSQ,381,NLL,12:04 AM,
01GWK9T1GNE4YRV3RWTDTZRPXD,2133,0,12:04 AM,Quinta
01GWK9T1GP74PMXB1R3QYHZGF0,1397,DTL,12:03 AM,
01GWK9T1GQV1A07RKGR1TVRW8E,160,UAH,12:00 AM,Anle
01GWK9T1GS2SV7ABXJX5XE95YE,103,TIM,12:01 AM,
01GWK9T1GT02GRJDAKAPJ5B2MK,5267,UET,12:01 AM,Fort Smith
01GWK9T1GW5CYJ46C4KQFA1E3M,263,TIP,12:00 AM,
01GWK9T1GY06FVGEJZNXVG5799,5,TBI,12:01 AM,João Câmara
01GWK9T1H0S6P00AYEH829APNN,152,FJR,12:01 AM,Trincomalee
01GWK9T1H212HZ6XSX1TD55F2T,165,JTY,12:02 AM,
01GWK9T1H3M8J8E4MS2VZKTJ4A,1500,WAZ,12:03 AM,Lüfeng
01GWK9T1H4H8VCYMM3GJNT87A5,929,HGN,12:00 AM,
01GWK9T1H5Z5XF3GVN0V1T3GV4,1122,LTD,12:03 AM,Tanjungbahagia
01GWK9T1H7RBEQBP2J70XAS3QT,20,LSI,12:00 AM,Tanabe
01GWK9T1H8XCGPRVJRCGFFGJ15,1,CUK,12:02 AM,
01GWK9T1H9J3C1ZQF43F3ST4Y9,100,VBP,12:00 AM,La Mesa
01GWK9T1HAQC27V3SKJWQW4NB9,,CIH,12:01 AM,Daleszyce
01GWK9T1HB7XAFYRP7CGWNEV5E,705,PBX,12:01 AM,Kamo
01GWK9T1HD5Q72C3VS7JEF78T3,136,YJN,12:03 AM,
01GWK9T1HEG2QB3MXMEHBYK3MR,2120,SJK,12:04 AM,
01GWK9T1HF52RJ01R7YKV5VM2Q,88,WPU,12:03 AM,
01GWK9T1HGYEY5WZD8F23QG2FX,,SIE,12:00 AM,Hukou
01GWK9T1HHDYG3BA08YMZ7JGQS,194,IEG,12:02 AM,Nanshe
01GWK9T1HK8XB8ANXMH2Z7H1F9,426,LLS,12:03 AM,
01GWK9T1HMR0ZDCWHPPJTNKBFP,2625,LEU,12:03 AM,
01GWK9T1HN7JPVV0SQ66VF010Y,809,BMQ,12:01 AM,Tsagaandörvölj
01GWK9T1HPQM4W7QY5DMAATPQ5,60,ILX,12:04 AM,Concepción
01GWK9T1HQT6TJZJ15RRGS7R0B,1050,TME,12:03 AM,
01GWK9T1HRW0GX7N69K695TWHT,1968,RDS,12:00 AM,Nikolo-Pavlovskoye
01GWK9T1HSYB44J46MR3MM7JM3,4200,KGW,12:00 AM,
01GWK9T1HTPZ9KD1JFZTH0YB7V,42,SYK,12:04 AM,Mengdong
01GWK9T1HW74GE1PT1VXA1Y9AZ,145,MPM,12:04 AM,
01GWK9T1HXP2M4TCE8NEFX6GRA,412,ORE,12:00 AM,Tintafor
01GWK9T1HYFECCY54B12BWFH44,17,SAN,12:04 AM,Koch'ang
01GWK9T1HZ0JDVW981A6H5828P,366,HLF,12:03 AM,
01GWK9T1J1YMYSNVDYMFGRWJ3A,135,EDI,12:00 AM,
01GWK9T1J2AC7974JGXVB553B6,20,BOF,12:01 AM,
01GWK9T1J46MFMZ7EHZA3CKHPR,756,WAZ,12:01 AM,Floreşti
01GWK9T1J61ET2AJ7T5GK7ZM6N,13,DCF,12:01 AM,
01GWK9T1J7Z81KRFV0FVB6PWXX,10,SSW,12:00 AM,Luzern
01GWK9T1J8EGHREYHSRQQ0749J,731,KRG,12:02 AM,
01GWK9T1J95KTRPQZ03DHT4MX6,1898,BAT,12:04 AM,Agualva
01GWK9T1JA2K2139065BCFNEBB,170,ULB,12:00 AM,Youwarou
01GWK9T1JC7A2DPNWTWNKF4C7A,4012,KDD,12:00 AM,
01GWK9T1JDBE2NT9JV87RRK2WP,352,BMQ,12:02 AM,
01GWK9T1JEJ21D4RDRJMP2R347,95,MXT,12:02 AM,Offenbach
01GWK9T1JFQCSHAKYW0QR4EPTF,169,NAC,12:02 AM,Río Alejandro
01GWK9T1JGX27A4HWBCZBWPFDR,9,FUN,12:03 AM,Fengmu
01GWK9T1JJ3CR4FZ9DA965YNX1,16,KBR,12:04 AM,
01GWK9T1JKZAXZPMS114VQSWM9,108,BQA,12:02 AM,
01GWK9T1JMEXY0K0YSP7033AD2,3000,KMB,12:04 AM,
01GWK9T1JNRW4HZSSTJ88F7W70,351,XMW,12:01 AM,Krajan
01GWK9T1JPKYYKNZWZFM55KEK7,302,SJY,12:04 AM,Atafu Village
01GWK9T1JR4178YHN26PMMK3TC,353,LIN,12:02 AM,
01GWK9T1JSCABYW170636RPJ57,15,NGS,12:03 AM,Battle Creek
01GWK9T1JVFQ8HTQCW2CK8KAYA,277,ELD,12:01 AM,
01GWK9T1JWCNH0Z3DDZDVWVVV7,1532,OUS,12:04 AM,
01GWK9T1JXQ9MCZBHAKWYKBJYD,30,CFN,12:02 AM,Mosina
01GWK9T1JYKWJ2VXCFE3AX4KJ4,39,KWJ,12:04 AM,
01GWK9T1JZ2GX1NFT57933AEN3,233,VAD,12:04 AM,Odivelas
01GWK9T1K0HRESJEHC6T23AZ0D,1355,GPZ,12:01 AM,
01GWK9T1K1474Q2AX6GC2KXYAG,256,KUN,12:04 AM,Karangsuko
01GWK9T1K3MC0JCWNFYHFKX35F,1051,SGH,12:00 AM,
01GWK9T1K4JB6BW7AWF3YXV4J6,,STH,12:00 AM,Longshan
01GWK9T1K5BWME5634K9PE2F8X,1620,HZH,12:03 AM,Shorapani
01GWK9T1K604VDHGWXZH8CQG46,6813,RWL,12:02 AM,
01GWK9T1K7KFH8VPY70Q8AVMC0,52,BMQ,12:02 AM,
01GWK9T1K80PF6S0XRSKMF433D,38,TRO,12:00 AM,
01GWK9T1K9QBQ0WV63M0VP8VW0,29,UJE,12:03 AM,Volary
01GWK9T1KB95WNZHJ4S8QDWSKR,161,TKU,12:00 AM,Carepa
01GWK9T1KC7XZKDEVC0X685T01,49,PCV,12:03 AM,Mao
01GWK9T1KDCKD5FGSFYCJ62MG1,970,TEF,12:04 AM,Tres Arroyos
01GWK9T1KFZB78CE8QZE32T9VM,26,IKS,12:00 AM,
01GWK9T1KG77FEQ2WW7BB8D4Y1,553,ESG,12:01 AM,
01GWK9T1KH2AHSKGA116WE2C8S,70,TUG,12:03 AM,Sandu
01GWK9T1KJMHVN8FB2YPYCAGCX,1265,YRL,12:03 AM,Kinh Môn
01GWK9T1KKVA50YM7HY4MZDVBK,4300,BJU,12:02 AM,Governador Valadares
01GWK9T1KNZ65VSD8VTDEB6G8X,16,UAP,12:00 AM,Všenory
01GWK9T1KPKDFJJW61TVB77ZDS,121,GET,12:00 AM,Leiria
01GWK9T1KQ1D0HQNCER420MDB6,30,YNP,12:04 AM,
01GWK9T1KR0YYNGVZY26KXVKEA,80,MZV,12:03 AM,Isiro
01GWK9T1KT942GHTGG5SGAKEMB,1808,YWK,12:01 AM,Loureiro
01GWK9T1KV8T7T329S7WGBT8Y9,15,BMQ,12:03 AM,
01GWK9T1KWFS272JHK7GBDH0HP,43,SFK,12:01 AM,Zhangjiahe
01GWK9T1KXJETG81Z8MEV7NXY7,150,LNQ,12:03 AM,Lysyanka
01GWK9T1KYM7Y7RPEKYD4SD52M,81,GWY,12:03 AM,
01GWK9T1KZGGSBS887DZVXRQJE,,AIM,12:03 AM,
01GWK9T1M0MQWM4NH12QPY16WV,18,BIU,12:03 AM,Zevenaar
01GWK9T1M2GRGJDYFJ9A6FX3BM,374,TDO,12:03 AM,
01GWK9T1M3RM5V4C371PNPBPDQ,38,TAG,12:00 AM,
01GWK9T1M4RT2B8GRAY4MK0EE7,144,MVW,12:00 AM,
01GWK9T1M5997JZYD6FHG97P6P,15,BZE,12:01 AM,Septfontaines
01GWK9T1M6P581K5W5ASVPT7D9,75,TTW,12:01 AM,Banepa
01GWK9T1M78WSCESRJ96V7FE1E,43,HTR,12:04 AM,
01GWK9T1M8D4GG345NHGR6PH0Z,13,GDT,12:02 AM,
01GWK9T1M9NJH8M5F3XWV0X92T,1631,HZH,12:02 AM,Zator
01GWK9T1MAN23JZGCANFFCW935,3258,MHS,12:02 AM,Santa Cruz
01GWK9T1MC7A8A1Y9CMJSXQMJS,,YKK,12:04 AM,
01GWK9T1MDRG8T2T822KQPPB3Y,1877,BMQ,12:01 AM,Oakville
01GWK9T1ME1NEGWZEZM6XS1Y12,1175,YHB,12:04 AM,Ongandjera
01GWK9T1MFG0T4RKPXN6RSBHRM,75,TTW,12:04 AM,Fengkou
01GWK9T1MHBWCCC5GD47B153FB,294,MAW,12:00 AM,Yuhe
01GWK9T1MJTR0VP6RYPE03DQHQ,772,BMQ,12:01 AM,Ojos de Agua
01GWK9T1MKG763R0T07G8X3K96,3580,NUF,12:00 AM,Jiangwan
01GWK9T1MNPBVBV401820NE3MF,1345,BMQ,12:02 AM,Bunawan
01GWK9T1MPZ1N7QGYQAYRHYF6M,36,PTP,12:03 AM,Laotai
01GWK9T1MQ4SM264NSYF9TM28G,15,DOY,12:02 AM,Fontem
01GWK9T1MRR7FG562KV04PZ0PB,,ZVG,12:01 AM,
01GWK9T1MSBBXFGSFRFX1GXN44,32,TCY,12:02 AM,
01GWK9T1MT33TXSARTSS5H2DKM,14,OTD,12:04 AM,
01GWK9T1MV27C2J376MCPHT6R4,988,WFK,12:03 AM,
01GWK9T1MW8GC3NFCKF8RK4V83,2980,QMH,12:00 AM,Greensboro
01GWK9T1MX2GZ6VNVF8TN2WFKZ,62,ARH,12:00 AM,Callahuanca
01GWK9T1MY5B3KE8W2X72GFS5C,639,YGL,12:03 AM,
01GWK9T1MYXDRZ3YX2A20GP7TX,266,BMQ,12:04 AM,
01GWK9T1MZ2PRGRNJRYSN1ZYN6,515,KVK,12:01 AM,Philadelphia
01GWK9T1N0ZQA8A3Q15KQRBTKV,4200,TUT,12:03 AM,
01GWK9T1N1C5H3ZMA03QBTB8K0,1853,MFU,12:03 AM,
01GWK9T1N2SBMR4EAA4HAF6NYE,40,BRB,12:00 AM,Jongīyeh
01GWK9T1N35EV974PPWRQ8Y7VF,1050,TJL,12:02 AM,
01GWK9T1N4PTV720QCHF20HW3R,1575,TWZ,12:02 AM,Bayambang
01GWK9T1N5VS8G63YW6M64187W,26,ZIH,12:00 AM,Leonídio
01GWK9T1N6XSZFP35EY9WX93NP,647,PWK,12:04 AM,
01GWK9T1N6HBNYXPJG9V1EV44V,1953,UOS,12:02 AM,Shreveport
01GWK9T1N79BZVM3RZEBPHKJX8,148,GGL,12:02 AM,
01GWK9T1N877C9C6CT9H2NHPMR,22,MUS,12:03 AM,
01GWK9T1N9KGZQ93V3P4T3T71A,56,BMQ,12:00 AM,
01GWK9T1NA41XSX12MEHWV9MT6,29,LGK,12:02 AM,
01GWK9T1NBR388J8MNWXN0DPS3,10,BMQ,12:00 AM,Bang Rakam
01GWK9T1NCR1EC8BG8DW93MH2R,143,BMQ,12:04 AM,Bhopālwāla
01GWK9T1NDDHWJMYVQDKM2E3XK,10,ORW,12:04 AM,Dusit
01GWK9T1NE97D8SFK2Z72C79QK,4105,GXG,12:02 AM,Novokuz’minki
01GWK9T1NFA8C12J71FCB3XZRN,3853,WGU,12:04 AM,
01GWK9T1NF91E7A2RTS0088MVV,8361,BOG,12:01 AM,
01GWK9T1NGFXS54V86H1WE28DR,1040,AFN,12:02 AM,
01GWK9T1NHXQBF5PKZ92Y0JJR2,,GVP,12:02 AM,Trelew
01GWK9T1NJR9VFWRQQBE0P0DMS,56,BMQ,12:04 AM,
01GWK9T1NKN0TDDEDTZ0C1KVDN,70,MUS,12:01 AM,
01GWK9T1NMH0X4M1A4FRMPBKQ6,820,LHI,12:04 AM,
01GWK9T1NMH02ACFBKM88YV0ZX,60,MJT,12:01 AM,
01GWK9T1NN9D8XG157J77Q7Y9Y,-54,IPL,12:01 AM,Shaba
01GWK9T1NP0ESFCXMF0N0Q0YD3,,MTK,12:03 AM,
01GWK9T1NQ07GWWBRKXH2XJQQ7,299,BMQ,12:03 AM,
01GWK9T1NRNH9YHK4TWM471VBG,2988,CWB,12:00 AM,Paarl
01GWK9T1NS2QTJHPXP75AWERQ1,20,VIR,12:00 AM,
01GWK9T1NSXJ1G67RN4W530TRW,49,NYM,12:00 AM,Banghai
01GWK9T1NVVG71NC71TTMCK0HB,2073,KAD,12:02 AM,Cametá
01GWK9T1NWP6VMDK0QDARRFZT0,342,FON,12:02 AM,
01GWK9T1NW27257EG6X428060R,3,SJX,12:01 AM,
01GWK9T1NXPT5QXHJ0ET14GRPM,9,TAX,12:00 AM,
01GWK9T1NY31ATF8CGWTZ5M1XM,6193,CIG,12:04 AM,Chinú
01GWK9T1NZ6GJ9Q7ZHKM42EPJ1,1674,BRN,12:02 AM,Leer
01GWK9T1P0FB0H8QASN43P1HN8,60,BMQ,12:03 AM,
01GWK9T1P11WGVX665P84SM33H,12,BCN,12:03 AM,
01GWK9T1P192GYC58JVWSZTFKK,26,BMQ,12:04 AM,
01GWK9T1P2SS2AD65ERABCWK4M,15,BMQ,12:00 AM,
01GWK9T1P3YN7VM33AAVRRQ3RG,768,GHM,12:01 AM,At Samat
01GWK9T1P46P59FG9CCPGVTCVX,121,PNS,12:04 AM,
01GWK9T1P5BM0RXW8F8CJWZPWN,540,BMQ,12:00 AM,
01GWK9T1P6HTYQMG4Y7SD74H44,75,HAK,12:01 AM,
01GWK9T1P6RF70X9B5AEMNWQH2,547,BWG,12:03 AM,
01GWK9T1P798ENJHSBS80G0GDS,1122,LTD,12:02 AM,
01GWK9T1P8VS1JEED4KW96R3YM,3263,MHD,12:00 AM,
01GWK9T1P994AVW5D7J9E94EP9,434,MKL,12:00 AM,Strasbourg
01GWK9T1PAVN8PWB4H2P8AZ1BP,102,USH,12:03 AM,
01GWK9T1PBR0395TJB0B8MQ8MK,210,DUK,12:04 AM,Bondoboghila
01GWK9T1PBE503682DN4G17SQ1,3002,VDC,12:01 AM,Dongping
01GWK9T1PCG4Q9WYZ7SN5WF35T,83,PEP,12:00 AM,
01GWK9T1PDXRB4DKF09QVSPY8S,1198,YMG,12:01 AM,Ouangani
01GWK9T1PE3BPJS9VJDY9KABAM,5388,MQL,12:04 AM,Thung Yang Daeng
01GWK9T1PFM9BA18RZV77W0GQD,1788,MQL,12:00 AM,Dobropillya
01GWK9T1PGPM6T4083HN3EE2FA,4260,MQL,12:01 AM,
01GWK9T1PHA7YDVG94XC1BWJEP,439,WGE,12:01 AM,
01GWK9T1PJXV5EVGQ6FP8D9JGD,21,MQL,12:03 AM,
01GWK9T1PKEBJJAZPWNKCN1ZY9,705,PBX,12:04 AM,Tabia
01GWK9T1PM0ZYQPJJM1B2CZ6A0,195,OGB,12:02 AM,Wolowona
01GWK9T1QBC0W19SZQECHRXGN6,35,DIA,12:03 AM,
01GWK9T1QD8CJ8N4J7S9Q285RQ,52,BMQ,12:03 AM,Paris 07
01GWK9T1QEEDXN4E93C1N94F2D,2230,SIL,12:01 AM,
01GWK9T1QEDHQ49PYYYZ0GH9K8,22,ANH,12:02 AM,Três de Maio
01GWK9T1QGECWJZNSHDVNV0B2T,7,TUB,12:02 AM,
01GWK9T1QJTVQWW16R40JASW86,157,MQL,12:04 AM,Mataquescuintla
01GWK9T1QMV3SEASGX4QHYF2XA,1598,KKK,12:00 AM,Lille
01GWK9T1QP9S8285T5Y157QPH2,4,GHM,12:03 AM,Khotiv
01GWK9T1QR7466MYNQAVA09P2M,3472,GFA,12:01 AM,Fuchūchō
01GWK9T1QSJPCPPZY332CY93WH,8400,KEG,12:02 AM,
01GWK9T1QTTXX0JSQPKH0W7V10,134,AAY,12:03 AM,
01GWK9T1QW9CYGCSE6KAR9516N,5213,KPT,12:04 AM,
01GWK9T1QXZ411GK665NV839Y2,1860,MQL,12:02 AM,
01GWK9T1QZFFW1B9X1C8F1YC1E,69,CHM,12:03 AM,
01GWK9T1R0CK20KKPD70600SZV,79,AAP,12:00 AM,
01GWK9T1R2VBQMQ6DHCY9FQMPC,5100,MQL,12:02 AM,
01GWK9T1R4GMTQXX2NHZZWZQNX,65,RGA,12:02 AM,Muhos
01GWK9T1R6J1QW7M81W6HG081Z,436,SBQ,12:04 AM,
01GWK9T1R8DMXV58X6CDJT0PP5,4520,PCF,12:01 AM,Beška
01GWK9T1R9QGR781J515F1G7Q9,403,LNS,12:03 AM,Sande São Lourenço
01GWK9T1RB5YKNF15Q5XQJQV2B,1183,MML,12:03 AM,Kladno
01GWK9T1RC8AB3WQA135P17FJ6,1959,MQL,12:03 AM,
01GWK9T1RDWY76WET3R1WCMK39,1354,SNG,12:04 AM,Desa Baregbeg
01GWK9T1REPQ8FC5Q4SD09FWHT,0,YBQ,12:01 AM,Mabusag
01GWK9T1RF7Q7WV5Q2Q9EXGYBD,701,IFP,12:00 AM,
01GWK9T1RHK4MPA78EY3BKMDZR,96,MCO,12:01 AM,Andongwei
01GWK9T1RKWSTDV6JJYYGYY94S,40,INQ,12:00 AM,
01GWK9T1RK9JB6FSTQV8E8ZMG6,128,PCT,12:04 AM,
01GWK9T1RMXWZY878HSHYVWMY8,6,AGI,12:04 AM,
01GWK9T1RN4VZQZ5NKFNC7DHN3,155,MIN,12:00 AM,Caldelas
01GWK9T1RPNJJKTD3JY1KSKMRR,528,MHC,12:03 AM,
01GWK9T1RPRQBRCMEXNERS9WYM,4557,DSN,12:02 AM,Loúros
01GWK9T1RQ6JF3YD225JFV48Z1,95,FTA,12:03 AM,Xin’an
01GWK9T1RR4VS88H32ZA6HCFRH,41,WYA,12:04 AM,
01GWK9T1RS30ZZFPYDZ12457HX,5,IVC,12:03 AM,
01GWK9T1RTG7CZZBT9X9FPFVZS,2875,NLP,12:04 AM,
01GWK9T1RTKQ1KS17PTTEWH47T,2132,WYA,12:03 AM,Norrköping
01GWK9T1RW1Q7GJHKFG3CW1WD5,938,LYH,12:01 AM,Vil’nyans’k
01GWK9T1RW1DFHX9748WCX6J2T,60,SAB,12:02 AM,
01GWK9T1RX2YXREJXP2G6H43MK,1585,MQL,12:03 AM,Rizal
01GWK9T1RYQQC0Q3PJRFVWAT2G,1474,RAH,12:01 AM,
01GWK9T1RZ88KJR8RJCZJKJ64J,224,MUN,12:04 AM,
01GWK9T1S06J5A65R99TZ6BYJV,1099,MQL,12:01 AM,Saint-Lin-Laurentides
01GWK9T1S1WP9722CAGG66NF7V,1321,SEP,12:02 AM,Sauga
01GWK9T1S276717V4ESATG7YYV,4260,MQL,12:01 AM,
01GWK9T1S281V4VZXJYCBNMG5A,5548,RIL,12:01 AM,
01GWK9T1S3XFD5CME80XWC5XSG,413,MQL,12:03 AM,Fylí
01GWK9T1S472R5GQETJZ1TQXTN,53,CGM,12:00 AM,
01GWK9T1S57WMJP8GR1R66FCQA,310,WUD,12:00 AM,
01GWK9T1S6VRVW8HWQXA0ACVJ1,29,MQL,12:04 AM,
01GWK9T1S6MCHQJ5NP1ESAA2SM,135,PZU,12:01 AM,
01GWK9T1S7Y8TGWP083DDDXKSP,,MQL,12:04 AM,
01GWK9T1S8HGDG2H3N9NBXV3GN,256,MQL,12:04 AM,Buritis
01GWK9T1S9P80FB521DVK6JG4G,14472,DCY,12:03 AM,Arhust
01GWK9T1SAEJZWSYBH50TZBEY6,,NAY,12:00 AM,
01GWK9T1SB8F0C44M45HX0T4EB,777,MQL,12:01 AM,
01GWK9T1SCF7F27YVQ5ZV63XJQ,7,MQL,12:02 AM,Santa Quitéria
01GWK9T1SCE1T06R083FJT1Y31,3010,MQL,12:03 AM,Growong Kidul
01GWK9T1SDBPMPF5AFGAXAG3B7,132,WAO,12:00 AM,
01GWK9T1SEHDQZ98EWHA3KYY7H,367,TAF,12:04 AM,
01GWK9T1SF50GKXNVR4KH9WTK2,3,MKP,12:01 AM,
01GWK9T1SGDW3HDKATATEDTSJD,16,MXM,12:03 AM,Scranton
01GWK9T1SHJJBDA0MB5MVQ4H3W,276,MVS,12:01 AM,Fornos
01GWK9T1SH164PWYYCG0FMFRDZ,2461,RAH,12:02 AM,
01GWK9T1SJ56WB6TS8XHNP88FX,7200,PEL,12:03 AM,Lidong
01GWK9T1SKYBEFVE18EMJ8CMVQ,887,YQD,12:03 AM,
01GWK9T1SM09P96F019S833C3D,25,OKD,12:00 AM,Rokietnica
01GWK9T1SNM57E2FF0QXEWXQQE,56,YSU,12:01 AM,
01GWK9T1SPAYDPJCDYB34P3VWR,25,QCY,12:02 AM,Simnas
01GWK9T1SQ65EX2VT17WERJ96A,544,TYR,12:03 AM,Rancaseneng
01GWK9T1SR1GGZENZJBP74EK5Z,8,CYB,12:03 AM,
01GWK9T1SRMMX269ZCJ2NREQ1E,5720,ERA,12:04 AM,Mursaba
01GWK9T1SSBR23CC11NDQHAA1Q,2838,0,12:00 AM,
01GWK9T1ST5QSY347DXWYBSZ2P,2192,SQB,12:02 AM,Loma
01GWK9T1SVDDBRPMCNAF4EGPVN,604,RAH,12:01 AM,
01GWK9T1SWG0S7SJ0EQ5ABJD6Q,249,YOT,12:03 AM,
01GWK9T1SXDTW61Q8SPB7GW706,618,IQA,12:02 AM,Cambé
01GWK9T1SYTXHFJV0KJM3C0NPW,297,UIP,12:00 AM,Xiping
01GWK9T1SZVPWTJX5Y4ZF012WA,111,SHJ,12:01 AM,
01GWK9T1T09Y1SK6JJSEAADAVQ,661,PCD,12:03 AM,
01GWK9T1T155H6FDMV8VMXB8F6,2887,BJP,12:03 AM,Sacramento
01GWK9T1T1JYT7BCRFM6PFB2K1,519,TOB,12:04 AM,Chaguaramas
01GWK9T1T3E3DYK2SQ2Z9VMV44,5,PAG,12:03 AM,
01GWK9T1T3ZSQXEM5FR6JM8N0X,2513,WAM,12:03 AM,Tchaourou
01GWK9T1T4T93B0PV0A016B56J,827,MQL,12:00 AM,Rostov
01GWK9T1T5BT051NBAZ6FHCBHE,1175,ROA,12:03 AM,
01GWK9T1T6D8KT7MDZ7MVKSQ5Z,512,MQL,12:02 AM,
01GWK9T1T7T9N6ZKXS56NQ4RFR,74,MQL,12:03 AM,
01GWK9T1T8ZWCVXDJP0037G581,1253,YYE,12:02 AM,
01GWK9T1T9JDYBMPYJCM2Q3RC3,0,PTC,12:01 AM,Baiima
01GWK9T1TCWS8B33374BP5Y0ET,587,KOP,12:03 AM,
01GWK9T1TDJYDCJEBKG6NMH9CQ,935,WGC,12:03 AM,Lavradio
01GWK9T1TGCCTQNRAK5P01X3S6,951,MQL,12:03 AM,La Soledad
01GWK9T1TJ7PV1TXBVDSAT29SY,32,CRE,12:03 AM,
01GWK9T1TMTY9BPXYWA5Z7SSXQ,1202,IGS,12:01 AM,Singojuruh
01GWK9T1TPJT72ZP2JV9Q7C84G,88,WTK,12:03 AM,
01GWK9T1TQM79MM5KWYB6KCRB0,1300,CSQ,12:03 AM,Cikaduen
01GWK9T1TRCHKG6A0PDYKMW7Q2,901,OIA,12:02 AM,Turka
01GWK9T1TS00RF599FN8X1M64R,1476,0,12:00 AM,
01GWK9T1TSX183X6W4C4KN13FJ,4260,MHU,12:03 AM,Manakara
01GWK9T1TTDXTD3J3KKV82MKY8,800,GDD,12:01 AM,
01GWK9T1TVZ7DNFHN3SFRP9609,10,SIJ,12:04 AM,
01GWK9T1TWYZBGK7GCETSDENY3,4912,JMB,12:02 AM,
01GWK9T1TXDP7TK8MZF3C4M7TR,699,UIP,12:04 AM,
01GWK9T1TYWWQ5PGAYAK12S8HP,9,FGU,12:00 AM,
01GWK9T1TYQ7FAZJN4W0DYMRTR,3609,0,12:01 AM,
01GWK9T1TZR4B09XZN78M25WHG,951,WMD,12:00 AM,Isiolo
01GWK9T1V0GPN71M50BN0H1BW8,861,SOM,12:01 AM,Shanhou
01GWK9T1V11VM6F4W88GWHH5G1,68,SNQ,12:03 AM,Lodwar
01GWK9T1V23WXSGS53M8F1SZ6J,31,MQL,12:00 AM,Ketara
01GWK9T1V3GNQXR85RF2PGE4AM,817,VHY,12:00 AM,Moñitos
01GWK9T1V4G8HR11CKCYHEHCDR,1213,UIP,12:01 AM,Nova Era
01GWK9T1V56E83S186E9MR6GQF,73,SLL,12:02 AM,Genova
01GWK9T1V65M2WEHP3QAV38KA7,34,CPE,12:01 AM,General Conesa
01GWK9T1V7JJE63K6MZWYCJWQQ,1417,TAS,12:00 AM,
01GWK9T1V8AKCCRNE3Y1GR6521,156,MQL,12:03 AM,Ruilin
01GWK9T1V9YF4EQBY42Q1JJDB3,150,ABP,12:03 AM,
01GWK9T1V9W45496P58K1NNTNX,32,HEB,12:02 AM,
01GWK9T1VA68KDCPYY24V8A6E6,13,CDA,12:03 AM,
01GWK9T1VBSN2RS7YRAYK87G1Z,151,MQL,12:02 AM,
01GWK9T1VCNGV15QTXYD7174DH,98,WSP,12:01 AM,Río Blanco
01GWK9T1VDEF5Y2EYPDCZG94CB,2874,NBS,12:04 AM,Ndago
01GWK9T1VE10YKRCPDR7HWRRJV,340,AHY,12:02 AM,
01GWK9T1VEWAXHNRWYPD7N3GXJ,2156,PMG,12:03 AM,
01GWK9T1VFYR9C2JSN026YTAG1,2691,MFG,12:04 AM,Viloco
01GWK9T1VH6FAA1WK3Z5REWFCJ,963,CYG,12:03 AM,Chã
01GWK9T1VHR3DT3RS13TYBW0YZ,988,WFK,12:02 AM,Buni Yadi
01GWK9T1VJNXKVAJJF7C15CARK,193,RFS,12:03 AM,Kasaoka
01GWK9T1VMXVJPW9KSTAHCN2XK,2039,QGC,12:01 AM,
01GWK9T1VM78KF75VVQJR0GKAM,328,QJP,12:02 AM,Xujia
01GWK9T1VNYXBWV6H8SPPMF3G6,20,WKN,12:01 AM,
01GWK9T1VPXVQTV14JT008EHFE,592,DCU,12:00 AM,Kemil
01GWK9T1VQ5Y60AMCV72RTZGWC,1100,AKR,12:04 AM,Marcabal
01GWK9T1VRP9BG06KFAHJAZ6DT,192,FNC,12:04 AM,Palaihari
01GWK9T1VSKN72J8MMC76E8454,1240,BLX,12:02 AM,Baracatan
01GWK9T1VTTNCXRAACJJB94C7R,150,CPE,12:02 AM,
01GWK9T1VVXP29AWH0TMS8B5GG,2205,VGT,12:04 AM,
01GWK9T1VWVWCBE0DM1PREVPN4,5785,TKW,12:00 AM,
01GWK9T1VXX2X8EMZC3TS83NW9,261,SMX,12:00 AM,
01GWK9T1VYDKV1ZAX0KSW6Y42D,607,DFW,12:03 AM,Kushnytsya
01GWK9T1VYZ1D0B7VFZBZ158VZ,606,PAE,12:00 AM,Marseille
01GWK9T1W05Q3JDXZBQN792VHA,156,OMO,12:03 AM,Angers
01GWK9T1W0S5CR0NVBJ21DTTVN,16,SDL,12:02 AM,
01GWK9T1W1A3KFPZQ3SHCVAVGV,40,RMI,12:00 AM,Chafé
01GWK9T1W2N9TP7V1NSG2M0RF2,1415,OKG,12:03 AM,
01GWK9T1W3ACE8SQ647S2Q6H1H,58,DRR,12:01 AM,Kelmė
01GWK9T1W40S4Z1WVYJ227RV2P,2166,ZEN,12:02 AM,
01GWK9T1W5B3K0S0F1YARRNVRH,1110,STE,12:04 AM,Atamanovka
01GWK9T1W6YG74G6NX79MCJEN3,39,MQL,12:04 AM,
01GWK9T1W697VS1B2FGB5X2JGY,145,MQL,12:02 AM,Leidschendam
01GWK9T1W8KY9THGRKNQZ7MXQX,184,MQL,12:04 AM,Fuzhou
01GWK9T1W8KQET4P15QHCD03Z6,131,WRI,12:04 AM,
01GWK9T1W9K4RE61G0KKFGAMKM,7,MQL,12:01 AM,
01GWK9T1WA3BAVS4WHYPT008NR,167,MQL,12:01 AM,
01GWK9T1WBS1JG97VWK11A57NJ,3410,UTA,12:02 AM,Guruyan
01GWK9T1WC67XWHD6QGSR5PT1N,1249,EAT,12:01 AM,
01GWK9T1WC90Q20ZW07B37DK09,945,CKT,12:01 AM,
01GWK9T1WDE55KA1XX87WFMAH1,1365,KSQ,12:03 AM,
01GWK9T1WEX004Y8JP5FEG4MRE,234,CCS,12:04 AM,
01GWK9T1WFMTXTM0EAHB720G88,796,SYT,12:03 AM,
01GWK9T1WG10SK6EFKT9PF379P,20,DAU,12:04 AM,
01GWK9T1WGPJE9EKJVBXK9HS1M,10804,NLH,12:04 AM,
01GWK9T1WHWZ27XS0E1DDA1DTX,1052,OFF,12:02 AM,Levski
01GWK9T1WJBKH99HY9NSVGFD2A,846,DFW,12:03 AM,
01GWK9T1WK2YNQY26MYR3KZZQD,27,ZEN,12:04 AM,
01GWK9T1WM88FFZPJ4774TBGPY,98,IHN,12:04 AM,
01GWK9T1WNJQ3NQM5SSPHTK6BJ,10761,DIG,12:04 AM,Pilaya
01GWK9T1WNR9VH3RSV7BM20ZGJ,481,LSC,12:00 AM,
01GWK9T1WPCA96HSQTPBXVNH63,11,SXL,12:01 AM,
01GWK9T1WRX24CEBE8KHK02C29,1459,YRV,12:03 AM,
01GWK9T1WRCYNRMA4E5KYK8MSW,1862,RSL,12:03 AM,Parigi
01GWK9T1WSX6RZH0T1T214KC5H,56,SNA,12:01 AM,
01GWK9T1WTSCCAK8951MD4HRRV,1637,BSN,12:04 AM,Krajan Tekung
01GWK9T1WVAS87RX6BKNSYJSHD,102,ZEN,12:03 AM,
01GWK9T1WW3QMWV7CF1D4593ZM,458,DXR,12:04 AM,
01GWK9T1WX4KH09HYW30FD6SWM,2630,MLS,12:03 AM,Idah
01GWK9T1WXS4Y0M8T92PSCW802,1631,LER,12:01 AM,
01GWK9T1WYMCHWNK8RGAMD0MDD,3609,0,12:04 AM,
01GWK9T1WZPN7NVPBPWATG2103,52,HWD,12:00 AM,
01GWK9T1X01VW7BV6NA714QKH2,173,SXL,12:02 AM,Santo Amaro
01GWK9T1X1MT952YZJTCTWAJT0,2100,DNP,12:00 AM,Kawit
01GWK9T1X24B7VXM0BTW2V9YFD,,JJN,12:01 AM,Viana do Alentejo
01GWK9T1X3PDKYGJAHBNPR6P3R,88,SWU,12:00 AM,Bharatpur
01GWK9T1X4BT2YYHHHB9REP4BK,13,SXM,12:01 AM,Miaotang
01GWK9T1X56VFAVGSB8FZ6X8XS,4150,LKY,12:01 AM,
01GWK9T1X6ANAKHW6EGV22J2EE,1344,YAC,12:01 AM,Tangyin
01GWK9T1X6WVSGB3VT5V0C9J3W,3338,REE,12:03 AM,
01GWK9T1X8BY0QDRMG6NF3DYKQ,616,CNJ,12:00 AM,Al Qaryatayn
01GWK9T1X9XB84YRGEFHA5NB4R,57,TMH,12:00 AM,
01GWK9T1XCCJ1V6399F9MXN67F,16,PNG,12:02 AM,Akat Amnuai
01GWK9T1XESXA44G41B1YCDCCD,42,CAL,12:00 AM,Kālābāgh
01GWK9T1XH9SDR921K1YTWX0G4,7,HEI,12:03 AM,
01GWK9T1XKPJ0ZE46YVMT75JGT,97,PIF,12:02 AM,Suleja
01GWK9T1XN0JJW0GKWTK1J8RNX,414,OEA,12:02 AM,
01GWK9T1XQ3NJYAKVGYBXBD05A,13,AMV,12:00 AM,Phra Phrom
01GWK9T1XRNSJ50VEVSHJC22SA,3963,ZEN,12:00 AM,Kōriyama
01GWK9T1XSW00CJTJJ8ZJA1TQC,1539,AUN,12:03 AM,Nong Don
01GWK9T1XTVXMHJGH0NXTEXAX5,3200,ZEN,12:02 AM,Lembongan Kawan
01GWK9T1XVMPVTPHNZ3SAXX520,90,LSW,12:02 AM,Teculután
01GWK9T1XW01QY9KCYYQZQ5X6Z,3415,GNF,12:01 AM,Palanit
01GWK9T1XXXY9S5PXG91RNPDD6,-70,RZR,12:04 AM,
01GWK9T1XYWDW6X5Z8MDCTZ81D,3279,OGA,12:01 AM,Louguan
01GWK9T1Y0YY170CF4EJGCP25K,258,BNI,12:00 AM,
01GWK9T1Y18Y83Z2N312VDD7CF,48,AMV,12:00 AM,Anfeng
01GWK9T1Y1FQZHZNFQ8GGDBMNJ,30,KKH,12:01 AM,Huomachong
01GWK9T1Y35DHV5ERZJ2WH3HVJ,1847,VDR,12:04 AM,
01GWK9T1Y4FG2JS3PAH05QVQHZ,427,TDP,12:00 AM,Tieremu
01GWK9T1Y5RJ6W4Q9KWRP7ECNP,5240,ESR,12:00 AM,
01GWK9T1Y60PRTGT2PP43A7FWA,203,YQY,12:02 AM,Srabah
01GWK9T1Y79Y17K61G0Q2K299X,1428,OZH,12:02 AM,
01GWK9T1Y9PWTM8CWVWFDK0YKB,515,BJQ,12:00 AM,Wangjiaping
01GWK9T1YATKZVBATGAE390DJP,439,FAI,12:03 AM,Kawasaki
01GWK9T1YBK1G1ZASWQTXR2FCB,67,ZEN,12:04 AM,
01GWK9T1YCD5WRNWPCF1WMJG5J,12816,YUS,12:03 AM,
01GWK9T1YE8PN3GMM7ZC4VPG3K,2995,GAC,12:04 AM,Kostino
01GWK9T1YG6J31R2FM8TXY2VZH,75,MNL,12:01 AM,
01GWK9T1YJH93CRTPPKYNC2FGZ,298,GUM,12:04 AM,
01GWK9T1YN002X0698KGVHAX40,195,YXX,12:02 AM,Sitularang Landeuh
01GWK9T1YQGH90BQ0SY1V41XG6,1378,OZH,12:02 AM,Xiangcheng
01GWK9T1YS0S21BRZ5NATX8TAV,1646,OZH,12:03 AM,
01GWK9T1YV49TXBMPJZD3RVXN5,161,GWW,12:00 AM,
01GWK9T1YWD59M5MKDVGNQADCK,504,RME,12:03 AM,
01GWK9T1YXDCGBA78PTR3BFNF7,15,FAS,12:04 AM,
01GWK9T1YY15XYMEPGFY49THJ6,464,CZF,12:04 AM,Ulaanbaatar
01GWK9T1YZ3FD9YMJ3TP21NF14,256,LEL,12:00 AM,
01GWK9T1Z03M0TQYAZY0PZ7VW2,750,OZH,12:02 AM,
01GWK9T1Z1DD9F9HYBX6SH7SXP,,SHU,12:03 AM,Knivsta
01GWK9T1Z3VQAHKWRKES1S292W,1345,LVR,12:04 AM,
01GWK9T1Z4Q790AD3HANH0GNBA,511,FOS,12:03 AM,
01GWK9T1Z5YVABZ4X4S5E103EB,130,VIU,12:04 AM,Svorónos
01GWK9T1Z554D08VGE1B2XHBV5,33,NOB,12:02 AM,Saint-Germain-en-Laye
01GWK9T1Z6DQW3NCX4WG1TSBX1,234,SWH,12:02 AM,Bubanza
01GWK9T1Z8X8EX9X4S6EHYD21T,1446,PBB,12:02 AM,Jinqu
01GWK9T1Z83RABFZWRXCP4GPEB,1027,TMJ,12:00 AM,
01GWK9T1Z9FXCZEPGNTMJ0M5D1,653,TTA,12:03 AM,
01GWK9T1ZATV0NXCCTRE62Y9A4,50,KRI,12:03 AM,
01GWK9T1ZB13MMTHP41N14JCM1,2166,ZFW,12:02 AM,
01GWK9T1ZCKX07NJ3ZPSJ22YSZ,1188,LLX,12:00 AM,Tempuran
01GWK9T1ZDSRJWSF056WGQC9ZT,1100,AKR,12:03 AM,
01GWK9T1ZE6TEXZ5GMPFY3MA48,1476,0,12:03 AM,
01GWK9T1ZF45FAJQ2ZNJ5Y2B3D,4714,AKO,12:01 AM,Phúc Yên
01GWK9T1ZHQ05W5EZ5MTDADRYT,7820,ASE,12:04 AM,
01GWK9T1ZHE8Z6W9XNSD11Q582,602,OZH,12:04 AM,Negotin
01GWK9T1ZKQ304P1ZWJGSK0FNA,1,OZH,12:04 AM,Lingcheng
01GWK9T1ZMP07QXN02566E1YAD,7,OOT,12:01 AM,Gangshangji
01GWK9T1ZNB5ZT37TKJHK7HR2G,4985,FIL,12:04 AM,Tsengel
01GWK9T1ZP2K5HBMPVY0ZWAHPY,4124,OZH,12:01 AM,
01GWK9T1ZQ9KMEM096DYY7C5NA,294,TIW,12:00 AM,Radashkovichy
01GWK9T1ZRYNXACSQH4TJAPGCW,687,TEU,12:03 AM,Penha
01GWK9T1ZSSMX27ZSF71CV0D38,1969,OZH,12:02 AM,
01GWK9T1ZSQA93KQQ9C10V0HYP,89,KTN,12:04 AM,Cherepovets
01GWK9T1ZT896PQXJKQSQZW9KJ,245,CSR,12:04 AM,
01GWK9T1ZV8Y41M4PPRDVCEPW2,15,GNU,12:00 AM,
01GWK9T1ZWP56YKK26Y09RA6CQ,300,MLA,12:01 AM,Georgiyevka
01GWK9T1ZXC0Y2NPPRM2GFEF4F,1515,LRL,12:01 AM,Chenzhou
01GWK9T1ZZ4TSCKBW3TFWEKWAN,924,HLR,12:00 AM,Kryva Hora
01GWK9T200DPDXHA3AAV108MV0,1095,PPC,12:00 AM,Lisewo
01GWK9T202F0J103SX57N9XDX2,2569,OZH,12:00 AM,Sakura
01GWK9T204ZAQW51J9TSZ5VWBJ,174,RYG,12:02 AM,
01GWK9T204EXXVWQ6275NS7BB0,154,MJD,12:04 AM,Umeå
01GWK9T2064SXAT71XEE6JSSN8,30,PBB,12:04 AM,
01GWK9T207PX5VWKA6GHA98D6X,20,GIZ,12:04 AM,São Julião do Tojal
01GWK9T20892F713KRRD5ZY9J3,146,GEC,12:04 AM,Bendoroto
01GWK9T209T06J2TECEY4BYZHE,1211,GDG,12:01 AM,Prapen
01GWK9T20AXZSB7H9HACAKS66M,70,BUV,12:01 AM,
01GWK9T20C6V15YM6B1NPDTXD5,,MIH,12:04 AM,Ayía Triás
01GWK9T20ET8Q9ZD7JB1QCAJSD,951,KDC,12:02 AM,
01GWK9T20GANTMK4NJV64QHWQH,831,ABA,12:02 AM,Panamá
01GWK9T20J5Z12Z2A816WDR2DW,60,NAZ,12:01 AM,Sagana
01GWK9T20K3Y1FNY7ZRDHVFDHG,-79,BSM,12:02 AM,Lian’an
01GWK9T20MQK052SRS0QVWHG8K,100,RCE,12:01 AM,
01GWK9T20N2M6S2MRTRMJD0FFN,121,PNS,12:00 AM,
01GWK9T20PNV5RT17KF8X2Z234,1284,BKD,12:03 AM,
01GWK9T20QQ0A8AX3AS6JH5YH6,95,KKM,12:04 AM,Kostopil’
01GWK9T20RKJKH7G9BRN71VFNG,7990,TPJ,12:03 AM,Jargalant
01GWK9T20TMQRVCKK5M3FXMNKF,565,STI,12:02 AM,Camilaca
01GWK9T20WTBAC6C03RGH6X99K,7,YTY,12:01 AM,
01GWK9T20YGYMP3NJK6ABA503E,306,OZH,12:04 AM,
01GWK9T20ZJTCDRBBB25M7F0A5,50,EDO,12:02 AM,Limulan
01GWK9T210YW0NREE5XP277PK8,465,LEJ,12:00 AM,Chengmen
01GWK9T211EG00YV2DRAY78163,1536,RIV,12:00 AM,Runka
01GWK9T212KQTQ39E4S9XPBNR6,236,CAE,12:01 AM,
01GWK9T213JC7X5BZCRCP57SKB,67,OZH,12:01 AM,Saint-Quentin-en-Yvelines
01GWK9T214VNT7YGHK2FZK8AYS,869,AIZ,12:02 AM,
01GWK9T2158PNRV1E37CYV7RT3,9097,ATA,12:00 AM,Tarakaniv
01GWK9T2160YTANDSF08H3ZJ0K,7,SLH,12:02 AM,
01GWK9T217VB9ESVD5AWGRKK8A,1057,YQN,12:04 AM,Wenshao
01GWK9T2181E2PDC1PGSAMVYSE,390,BHT,12:00 AM,Jiguan
01GWK9T2196CHAC99DFY22Q8QB,89,OZH,12:04 AM,Veselí nad Moravou
01GWK9T21B9T3EQNYTC2CJWSH3,76,ADO,12:01 AM,
01GWK9T21CR6W7FMEP5EFTM3DX,1985,SDY,12:02 AM,
01GWK9T21CFAR0YXFXY4KD2KY8,491,CUG,12:00 AM,Germiston
01GWK9T21DZBEG6EKEYGNAWA8K,712,AUZ,12:00 AM,
01GWK9T21EBQN58CGEDVWC14W4,75,MNL,12:00 AM,
01GWK9T21FXZ6F361062P9QME5,194,UIL,12:00 AM,
01GWK9T21GZ763N86AEER9W86M,278,PEH,12:01 AM,
01GWK9T21GR1W4XZNY6AJJMQ4K,2040,YLM,12:02 AM,Uripa
01GWK9T21J3VNGR103PC1BRTEF,7,TBF,12:04 AM,Piracicaba
01GWK9T21KDP21FZ6KPFCWEN3D,719,CUG,12:03 AM,Qingu
01GWK9T21MVQTRDM9SKV011AW9,117,TGK,12:04 AM,Hawassa
01GWK9T21NH5JQ5E9HA33SG0TS,160,RZS,12:02 AM,
01GWK9T21PF0VY9F2RZFE2QM73,1503,0,12:04 AM,Dangcalan
01GWK9T21Q6563VRVYAY9P2JCG,77,IKO,12:03 AM,
01GWK9T21R6VMW7YS1Q8D7NWK1,984,XBG,12:03 AM,Nova Cruz
01GWK9T21S9YAZ8101W7EMCPPE,74,MXL,12:03 AM,
01GWK9T21S2VQH3DTKQ13KY10V,98,SMK,12:02 AM,Kabarnet
01GWK9T21VJY9BNEXVYG4D1DKV,10,SNZ,12:00 AM,
01GWK9T21W20EYF7S2ZYHFTVSE,43,RRM,12:04 AM,
01GWK9T21WNJGX32G3TZHS3GEB,0,OZH,12:03 AM,
01GWK9T21YSSV8G3R7B0V02Q5Z,1249,EAT,12:00 AM,Ibagué
01GWK9T21ZYRBX32VWR46ZWEAE,1195,CEX,12:02 AM,El Tambo
01GWK9T2218GB1M52RFNB2RX4E,1100,ZJN,12:00 AM,
01GWK9T2221S1D1NAP044APCD7,1557,YNX,12:03 AM,Bibiani
01GWK9T2236Z2J2B8D40VPXTVQ,5,KIO,12:00 AM,Taverny
01GWK9T2241C17DEJVCETBCPKD,477,PSP,12:02 AM,
01GWK9T224WBT0XWC908TTHTQT,1476,NKL,12:03 AM,Bayshint
01GWK9T225S63QVBFDSWSTC32R,2151,MED,12:04 AM,Mengxi
01GWK9T2265GCGBSC002520MXZ,84,KOK,12:04 AM,Whittlesea
01GWK9T227K3PXMQ1B281E11B0,528,CZU,12:01 AM,Sinegor'ye
01GWK9T228YKBY181F94PPMMT8,281,JGS,12:02 AM,New Cebu
01GWK9T229ETT5TVZZ98DJGGCA,1341,YKC,12:03 AM,Toulouse
01GWK9T22AGVB4KKXYSN6WVBHX,3,BTW,12:00 AM,Lunenburg
01GWK9T22BS1PNJM8EXT7HP6PF,303,OZH,12:00 AM,
01GWK9T22CED5JSPC0F5S5PXBB,236,SEV,12:00 AM,
01GWK9T22DQN6ZY5AD955GZ0AH,6,HPH,12:03 AM,Balun
01GWK9T22E6DGM8V9YFC45TAGR,2,NBG,12:02 AM,Sourotí
01GWK9T22F11QPJRC1SY9J891K,3010,AFZ,12:01 AM,
01GWK9T22GQ1CG50W8CQ70NX94,217,PNT,12:01 AM,Cabricán
01GWK9T2E1SS0B18E3C14PEACV,1947,OBF,12:03 AM,Shar’ya
01GWK9T2EASYF8QNY3DAR77CPP,39,RTB,12:04 AM,
01GWK9T2ED8Z7N5CYW832W6TDE,4950,TFM,12:02 AM,
01GWK9T2EPM3S1P2X8V6ANJ649,1303,OZH,12:04 AM,Reims
01GWK9T2EVJJ31Q9CA32JJYSMH,1989,KLV,12:00 AM,Thị Trấn Bình Mỹ
01GWK9T2EY6Y3H0197C2112CQA,547,BWG,12:04 AM,
01GWK9T2F71345H76XD009PKC9,413,CMW,12:04 AM,Xikou
01GWK9T2FJHVYW7FXX3E592Q1N,1106,RNE,12:01 AM,Vale da Serra
01GWK9T2GCJN7ENBJXJEKZCJV0,40,JPN,12:02 AM,
01GWK9T2GFVB7ZFT3D0R7Z6NFJ,47,PUJ,12:02 AM,
01GWK9T2GJ77JMY9NS87Q8HKE4,2582,BJM,12:00 AM,Placencia
01GWK9T2GN637NRCEAC6Z4H39M,408,SOB,12:00 AM,
01GWK9T2GQ8V1EWX62NNSNEVYJ,13,SNR,12:01 AM,Mang’it Shahri
01GWK9T2GTHN8PEGH27EE378BQ,734,ATR,12:01 AM,
01GWK9T2GW7D04Y0MXB20SKM3H,522,GYL,12:03 AM,Ribnica na Pohorju
01GWK9T2GZK8WQSKEDX2WPRZ74,980,OZH,12:01 AM,
01GWK9T2H2CN57ZGQ22W3NFFKC,26,BCA,12:02 AM,Inowrocław
01GWK9T2H5FKM1NFNHM0ECF4H2,1054,UIR,12:01 AM,
01GWK9T2H7ATQXNHG8WX34BNPZ,38,NUI,12:01 AM,
01GWK9T2HADP5YRJRX3X9QWYC5,722,OAN,12:04 AM,Champaign
01GWK9T2HDBAFAWYJVMQQ2Q95J,14,HDH,12:01 AM,
01GWK9T2HF94Y8TBT40FN7W1R1,373,OZH,12:03 AM,
01GWK9T2HJR4FTPBQXCRC90WWX,1058,SEV,12:04 AM,Pavlovskaya
01GWK9T2HM123J0FSXCD2JGVF0,665,NOC,12:03 AM,
01GWK9T2HP9AS8SRGCEC6B92CW,4459,TBZ,12:01 AM,
01GWK9T2HQKZYFCM3P031ZAAQW,150,AQY,12:04 AM,
01GWK9T2HSZZXZ6CTM06KEYPZ7,80,YKQ,12:03 AM,Vargön
01GWK9T2HTNYXP4ZQ4ZFM0HE1Q,7348,UGU,12:01 AM,Altunemil
01GWK9T2HW73JDBQDT6BG32K61,50,ACD,12:02 AM,Žďár nad Sázavou Druhy
01GWK9T2HZ2E7EDY8YXKQGD62S,238,FAB,12:03 AM,Kamyanyets
01GWK9T2J13SRJAFY4F2AJAHTR,628,CMR,12:03 AM,
01GWK9T2J20NRQT2D6AYRSW9A3,32,STB,12:00 AM,
01GWK9T2J4VTB3Z6T69RBFYEYJ,1784,ROY,12:02 AM,
01GWK9T2J5DK3PAJF3R8Z59DGD,900,SUD,12:00 AM,Várzea de Sintra
01GWK9T2J6JS6FHX5EG9TWE6RA,305,DZO,12:01 AM,Sa Bot
01GWK9T2J7JT89FBM0YS1J2BKE,2600,PMT,12:01 AM,Gelin
01GWK9T2J9A25W4BX8CPEMJQXW,41,YYB,12:00 AM,Huacapampa
01GWK9T2JB8KGP4PC1KBWS49VN,16,CCU,12:02 AM,Xujia
01GWK9T2JCKD196J8VKT3X2QX5,834,GDE,12:00 AM,
01GWK9T2JDGQN7PD2JYWQ3PA0S,80,MYD,12:01 AM,
01GWK9T2JET5V9KFVDVTXGQVAA,449,CRS,12:00 AM,
01GWK9T2JFX2GBT880Q5B3FGTJ,22,LDY,12:00 AM,Yuyao
01GWK9T2JH8VVZXSR3P3F7MF8S,157,GBC,12:02 AM,San Juan
01GWK9T2JJT1D41EFG1X4PX5MZ,285,EUF,12:04 AM,Cibeuti
01GWK9T2JKW137ZH1XPHM8KM3M,80,KLW,12:04 AM,
01GWK9T2JMYMGE7C6TVA7S7RSH,2026,TOJ,12:00 AM,
01GWK9T2JPH74035XQBP33TPP3,883,GPL,12:00 AM,
01GWK9T2JQB7MKK0W5WB1FMG0P,660,PIA,12:03 AM,
01GWK9T2JRV3S6903CWE4SX519,302,MVU,12:04 AM,Santa Rosa de Cabal
01GWK9T2JSTYCFNRR33NRSK57P,0,YPI,12:02 AM,
01GWK9T2JT1E394ZCDMKC63MPP,6415,SOW,12:03 AM,
01GWK9T2JVR46Z5MMQ1ED741PM,1061,KIK,12:00 AM,Kavásilas
01GWK9T2JW4XMA1TK4571F1XFQ,12,MCX,12:02 AM,Paso de Carrasco
01GWK9T2JYE6P1NX6VQEC8VK2K,1183,MML,12:04 AM,
01GWK9T2JZFPM9YYWBR4VZB6NG,45,USI,12:03 AM,Beiyang
01GWK9T2K0VVT4PFTCPJSPRNNN,4170,YYB,12:00 AM,Saribudolok
01GWK9T2K2J4DMYCV53J7NWBRA,477,KUF,12:04 AM,Trzciana
01GWK9T2K3BNBRR85RQKRG1KKA,,LUE,12:01 AM,Kende
01GWK9T2K4N6S1JXRPHV81106A,150,ATN,12:00 AM,Makrochóri
01GWK9T2K6PAHSRD3C3JPNA41B,33,TMS,12:04 AM,Slavkov u Brna
01GWK9T2K7NKED73RZ9RS964WB,827,YTM,12:00 AM,
01GWK9T2K8XCKFNWCHFVY8Z6RT,459,ALQ,12:03 AM,Jinjiahe
01GWK9T2K99N9PEHZXCP2W17PB,41,FKN,12:03 AM,
01GWK9T2KAYT57DA4GF4AZ43VS,974,ZRJ,12:01 AM,
01GWK9T2KBFFAHCJF400TM8721,732,GGN,12:02 AM,
01GWK9T2KC3CNYVBE7YE4DQSYK,2812,NER,12:03 AM,
01GWK9T2KDW7VQYP50SM7257C6,3289,PJG,12:01 AM,Herceg-Novi
01GWK9T2KF0J0YT608VXSVVNTJ,282,MEB,12:00 AM,
01GWK9T2KGBVRG5HCZJZ56BNPR,728,YBV,12:02 AM,
01GWK9T2KHAGFHRB0Q7R37JWQC,3,NNB,12:01 AM,
01GWK9T2KJAC9XJZPFZDXJ09XM,179,HEL,12:02 AM,
01GWK9T2KMD10F2AZ4T3P6VFZ0,937,MIE,12:01 AM,Fresno
01GWK9T2KNYXXGQ5RD0PR4R1Y9,1884,YLB,12:01 AM,
01GWK9T2KPMY9VN85BMHN05PSW,1905,YEN,12:04 AM,
01GWK9T2KQTG64JC794GG4VWMZ,876,MBX,12:04 AM,
01GWK9T2KSMY3GRVEDJYFXZZ7K,52,YYB,12:01 AM,Sever do Vouga
01GWK9T2KVHQF889WFE2VH3YXJ,1680,ULC,12:00 AM,Ārifwāla
01GWK9T2KYZSYG0BC2PBB26125,89,TDV,12:03 AM,Ribafria
01GWK9T2M1YQXKBF5KYTM33X2K,1167,WDG,12:00 AM,Ghanzi
01GWK9T2M4YQ1N8WQMCXKRNQXW,1300,LDZ,12:02 AM,Salawu
01GWK9T2M63DF14YWFVA43SB82,15,BAP,12:04 AM,
01GWK9T2M7SW51S7NZHP5VPT8C,1079,ILH,12:04 AM,Mangqu
01GWK9T2MAFAQ7HB8PM5TNBA8T,403,MML,12:02 AM,Ar Ruways
01GWK9T2MD81NZXNS2FWNAZJ89,369,ATM,12:00 AM,
01GWK9T2MFXM8JC32Y1W6FFHZ0,1270,OVA,12:01 AM,
01GWK9T2MH79HXN6PKZHEFBJA5,,KAE,12:01 AM,Johor Bahru
01GWK9T2MMV0591HAKQV0GC00D,4021,SHR,12:02 AM,
01GWK9T2MN2B2JXS1Q92B5QXS0,56,BME,12:03 AM,
01GWK9T2MPPQVQQ6FRX1QTY1VQ,454,MKK,12:01 AM,
01GWK9T2MRWZXTH4ZQ0VYA02CX,50,IUS,12:04 AM,Fort Dauphin
01GWK9T2MTN4GEWF994NT856Q2,1955,NUD,12:04 AM,Caticugan
01GWK9T2MWCYS4WHZPYT5MKNWD,45,RKU,12:00 AM,Yonghe
01GWK9T2MZHE5NQAABPBTRQJVQ,863,GUH,12:03 AM,
01GWK9T2N1B6DF5ZVHV0X9VCR5,570,SWN,12:03 AM,Longchiqiao
01GWK9T2N2D0PTGTQ5G0AG0E0D,445,YTF,12:00 AM,
01GWK9T2N3V022PAXK6PVWF1MW,126,LBT,12:02 AM,
01GWK9T2N4FNJ1V9V7Y6ZJPGQF,835,XES,12:02 AM,
01GWK9T2N5EGEKW7ZR1H18BA0N,2904,0,12:02 AM,
01GWK9T2N7CQ2SN8B29XTH9SQG,217,YYB,12:02 AM,Santo Amaro
01GWK9T2N8JBPZ41QB45D49W23,436,BTS,12:00 AM,Berat
01GWK9T2NANNNB3T7JDY2PEGZH,14,BTE,12:04 AM,
01GWK9T2NBZP20WGS8M3M11CYQ,282,TKG,12:00 AM,Bidikotak
01GWK9T2NC5G6RK7ZCZ31BRSP7,7,WOS,12:03 AM,Évreux
01GWK9T2NEZ3RGBWY58AYD15H1,347,HAR,12:00 AM,Black River
01GWK9T2NG0D0BFDBR44GDW575,5889,KSY,12:04 AM,Sumeng
01GWK9T2NH09FPP0VRK80XVYP5,1092,SHO,12:00 AM,Haoguantun
01GWK9T2NK2FG1RPE1D0TZ6RP3,219,DNR,12:01 AM,
01GWK9T2NMHGKR8PT83YTTPKDR,10,JEJ,12:04 AM,
01GWK9T2NP7PTD919WYQ96FX6W,341,MCG,12:03 AM,
01GWK9T2NRGYCA6Q19VZ6TCPBM,961,WHF,12:01 AM,
01GWK9T2NTQZ5ZFMA0PJ28N0BH,755,RWN,12:01 AM,
01GWK9T2NVEVMP3VGRVFG0R3HB,125,ZHA,12:03 AM,
01GWK9T2NX2KZVJTCWWQY3DAX4,,LIA,12:02 AM,
01GWK9T2NZ9NST0SN1E9FA9PKQ,1525,YTT,12:03 AM,Nanyuan
01GWK9T2P1PP095773C50CDWTP,216,MXE,12:01 AM,Várzea
01GWK9T2P4DGSWXFHEKT693XDK,48,CGS,12:01 AM,Sidayu
01GWK9T2P7P9GQPDA16FEZ62C8,48,YYB,12:04 AM,Bergem
01GWK9T2P9MWQ13EKA0YW8N5RK,2038,YYB,12:03 AM,Cergy-Pontoise
01GWK9T2PC2HR3HC9YB9H1HBXC,217,POB,12:03 AM,Hayil
01GWK9T2PEWK971NFP1CWR6ER3,1213,MCW,12:01 AM,Zhangjiawo
01GWK9T2PHBPMEKY6GJVVEYMQY,5950,EIK,12:04 AM,
01GWK9T2PKPT8DXAFN8Q45V3B4,1046,FDE,12:00 AM,Golopau
01GWK9T2PNCF2CSKV8HTD57MMR,1181,0,12:03 AM,
01GWK9T2PQ9BFB0MBKFFBF5G4R,1174,AQI,12:04 AM,
01GWK9T2PR06V22ZA4R476KFVC,1125,YAG,12:03 AM,Chateaubelair
01GWK9T2PSQJJ9JRRME02CYM76,1797,EIK,12:01 AM,
01GWK9T2PT3BVW7B1AH9D6BCKR,326,VEY,12:03 AM,Omuo-Ekiti
01GWK9T2PWKG3A12ZVB3F690Q3,1215,YYB,12:03 AM,
01GWK9T2PXPY4EKVCZMSD6B9C2,10,SNI,12:00 AM,
01GWK9T2PYJ1XWPKYBQDWMD0RP,1039,BBB,12:02 AM,
01GWK9T2PZPZGTADWC9MX1E4MV,293,YFE,12:03 AM,Yong’an
01GWK9T2Q0ZQ0V8E2SP6DYCXF8,550,CKV,12:00 AM,
01GWK9T2Q1WRM5GMEKMFYP8XZH,128,TGJ,12:03 AM,Hechuan
01GWK9T2Q2YGSKPGRYG17NY8XK,4252,ZBK,12:03 AM,Chyżne
01GWK9T2Q4V23H9D8RFQJS5SAB,827,YTM,12:03 AM,Kedungwaru
01GWK9T2Q5KF3TWFPFFJ6Q3QWJ,2691,MFG,12:03 AM,
01GWK9T2Q60TBAC6HMGT1AHA80,3002,VDC,12:04 AM,Quito
01GWK9T2Q8A0DZXN11DCHJJ15V,1045,YYB,12:02 AM,
01GWK9T2Q9EKZ46128WZZV5VDP,5550,NBA,12:00 AM,
01GWK9T2QB30Q0FYEBJNYAR8JY,1620,HZH,12:04 AM,Lefkoniko
01GWK9T2QDMQED5V4JGFGF15GG,3465,PTZ,12:04 AM,
01GWK9T2QF0BK01Z3A0DZTPWHY,0,YTP,12:00 AM,Capira
01GWK9T2QH7TXH7WXJSMQJCPJQ,990,WEA,12:02 AM,Nandong
01GWK9T2QKQCPK01V78A33RDH1,14,LNA,12:00 AM,Denyshi
01GWK9T2QMRM6M167519VE7PB0,1884,YLB,12:00 AM,
01GWK9T2QNWM5Z22S85JQRQ9Q4,3763,MWZ,12:02 AM,
01GWK9T2QPT5XSWNTC25DG2SVV,,HYG,12:02 AM,
01GWK9T2QQMTBJ49ZCST2R4RVY,2571,LMD,12:02 AM,
01GWK9T2QRJW6B0HSYTJ489923,289,DJJ,12:03 AM,Montpellier
01GWK9T2QTHPY54RMBW50ZJJGB,206,CLX,12:03 AM,Vicente Guerrero
01GWK9T2QW964AE0V28S2NNBSX,356,GGS,12:03 AM,Las Palmas
01GWK9T2QYK2GVJT3TKSJJ9WWY,1961,HSI,12:02 AM,
01GWK9T2R0J878K3S3RSKEFKSF,30,EIK,12:01 AM,
01GWK9T2R2HJY3BCQ925RD3VKY,68,EIK,12:02 AM,Songjiang
01GWK9T2R34C4D12MSZ4R9MXVY,1918,MFL,12:03 AM,Livorno
01GWK9T2R58A9S8XDS3FV3GCVY,226,PLZ,12:01 AM,Nam Phong
01GWK9T2R6A2AMMEZ8J7CB0SDS,2076,TFN,12:00 AM,
01GWK9T2R73WY01SA6ZS4AH7W5,134,PNY,12:03 AM,
01GWK9T2R8TJKK7HKAGMAGSXAM,52,HRG,12:04 AM,Outlook
01GWK9T2RAHT24HD9ZMGTNJT6Q,34,KRF,12:04 AM,Ashtarak
01GWK9T2RCP73X72R7BS8X9Z3G,294,EIK,12:03 AM,Mengjia
01GWK9T2REGR3WPFEHCW0BGGCC,948,DNR,12:00 AM,
01GWK9T2RGGXT465TZKFM6XQFZ,249,PIL,12:02 AM,
01GWK9T2RJ5HD9BCTFPBHT4715,165,POU,12:04 AM,Bancroft
01GWK9T2RM9DAG0HGZTEA8S3A9,434,MEL,12:02 AM,
01GWK9T2RPQHR1GA7JDZEY640S,540,ZMD,12:02 AM,San Jose
01GWK9T2RRASBE5J8KS7DYM38E,3261,GLB,12:02 AM,
01GWK9T2RT59T21Q0HTZWTV40Q,3410,UTA,12:04 AM,Johor Bahru
01GWK9T2RV2BG2BXAGJGG90VXW,1279,ZTU,12:00 AM,Porsgrunn
01GWK9T2RWY9RRPKFT16NSDJC0,51,MPD,12:00 AM,
01GWK9T2RXAHF6H01TK2MWR2EC,7,IOU,12:01 AM,
01GWK9T2RYDE6JQ7HTDQZTDCS0,1522,CTC,12:02 AM,Taiping
01GWK9T2S03FNREVZ313C7HJEW,241,YNY,12:02 AM,Aguiar da Beira
01GWK9T2S14B4SNJDM36HDRFV4,54,KPS,12:00 AM,
01GWK9T2S3C85609ZBPJ0BG4DB,10,OGL,12:04 AM,
01GWK9T2S4RHB50DAZ94Q051ZD,50,CAN,12:01 AM,Lumbayan
01GWK9T2S5NW9902PRD6X580T6,17,CVR,12:04 AM,
01GWK9T2S7RHNSVAPVKGJXYPZ5,775,CBE,12:02 AM,
01GWK9T2S9JQ30WGNMVQXH7JM2,101,OKE,12:00 AM,
01GWK9T2SAE0J03C7K29EN80A6,9,CIS,12:03 AM,
01GWK9T2SC56ESM689HZ8SD2Y9,,VAO,12:04 AM,
01GWK9T2SE3A5H7SSTEKWYSEGV,1592,AOD,12:03 AM,
01GWK9T2SGGBS6QQX80AYVG4V3,48,CGS,12:02 AM,
01GWK9T2SJNM3RKGH5FMYX969T,101,OKE,12:02 AM,
01GWK9T2SM812VPETED9NWP6HM,135,KEK,12:01 AM,
01GWK9T2SPVQS7ZD1ACB6DKEPM,408,FKB,12:02 AM,Žulová
01GWK9T2SS15NYHGJFPJEGEFYZ,863,ZAZ,12:02 AM,
01GWK9T2ST3X7AR9HD4J0N4KG7,1050,PCS,12:03 AM,Secunda
01GWK9T2SWMNKS4AFRXGT2HPZZ,139,KDK,12:00 AM,Kęsowo
01GWK9T2SZH99ZMHKD1PPB54J2,870,DPU,12:02 AM,El Aguacate
01GWK9T2T1TTTW40BA5J6FGQ48,847,ONK,12:03 AM,
01GWK9T2T3VM8CMG5S85WPSETB,53,SUI,12:00 AM,Huaping
01GWK9T2T4BBBF0WGBNEC45DRE,648,GRJ,12:02 AM,Hudong
01GWK9T2T6JHAFRNFZPY0F3PRD,2715,CNF,12:04 AM,Södertälje
01GWK9T2T76VQE5C58J95V6JRB,425,KLM,12:00 AM,Niños Heroes
01GWK9T2T8V77PRESEB5Q6BMZF,80,YUT,12:00 AM,
01GWK9T2T93DAX0PPFKD1QPJ4D,250,RAT,12:00 AM,
01GWK9T2TBANZB3ZBK4993V18F,320,WDI,12:01 AM,
01GWK9T2TCDZFKFV4693KRXCSQ,622,CLG,12:04 AM,
01GWK9T2TDB46C8M1AYEHAKF09,54,KII,12:02 AM,
01GWK9T2TE4T4YTPKKZ6VQXWJM,20,BJA,12:01 AM,
01GWK9T2TFG6H3REN4E3X0RGPZ,31,CVE,12:04 AM,Chantilly
01GWK9T2TG8JAT1HQ17AAGM348,39,VRI,12:03 AM,Corpus
01GWK9T2TKJ0W26QW5JVFYPBVS,650,CNF,12:04 AM,Sacramento
01GWK9T2TN5E9DR791E45XYBRQ,362,WAW,12:02 AM,Gaoling
01GWK9T2TQEPHDPT57PAXK55K6,809,SAT,12:01 AM,
01GWK9T2TST4NZ7BSFX7X9EYEH,60,EIK,12:02 AM,Langtang
01GWK9T2TVQHS67SG1VTNBT64K,1496,SJM,12:01 AM,Watuweri
01GWK9T2TXB10R5QWMXF9GJSKE,3000,RJI,12:05 AM,
01GWK9T2TZTXZ9SPM8XSRW96DR,312,IAD,12:04 AM,
01GWK9T2V1NGXSCFKRPJF9B6Z5,20,RDT,12:03 AM,
01GWK9T2V3TA3HEXSSP65QR37S,3400,ZGM,12:02 AM,Changgai
01GWK9T2V5M5XSRQJKGA444Q60,20,SPX,12:01 AM,
01GWK9T2V77ZBNWSSD8NT3TKJ8,3176,DJG,12:01 AM,
01GWK9T2V94YSPKJTG2AZ6NCSF,4260,MHU,12:04 AM,Calumpang
01GWK9T2VC2S839Q7JVKY2JYA9,,AWN,12:03 AM,
01GWK9T2VENG3W9VRQQT6C9BZ9,223,AYO,12:02 AM,
01GWK9T2VGZ7Q98WRCK4DS4BQ2,69,CCV,12:01 AM,Repentigny
01GWK9T2VJTVGEK51071XMDS12,29,EIK,12:02 AM,Pindi Bhattiān
01GWK9T2VK9J9W8TSEM0VF991K,414,FSL,12:00 AM,Da’anshan
01GWK9T2VM9XVKZWBQAZ0T20FT,2641,APU,12:02 AM,
01GWK9T2VPWZBYJNKCPRSY204F,67,TST,12:01 AM,
01GWK9T2VRES7J7W3G9SEGW1GN,16,PHK,12:00 AM,Villanova
01GWK9T2VVNDQC33W5APCACDPF,2193,YLL,12:04 AM,
01GWK9T2VWWKG7NVNTCAE6RVBW,98,BVS,12:02 AM,
01GWK9T2VYE7270K6NQZZ5H21R,104,YSK,12:04 AM,Skovorodino
01GWK9T2W0DYYXWP22C7FHWXW8,154,SZZ,12:00 AM,
01GWK9T2W29STJ8R5EQDR2FMXQ,1168,SFR,12:03 AM,
01GWK9T2W4815A5MBPA69J1Q0Z,28,MAZ,12:00 AM,
